idea,venture_id,research_depth
AI Voice Agent for Indian SMEs,,standard
AI-powered expense reconciliation SaaS for mid-market accounting teams,,standard
Marketplace connecting independent electricians with homeowners for same-day repairs,,standard
Habit-tracking consumer app that uses AI coaching to help users build morning routines,,standard
AI code review assistant that catches security vulnerabilities before merge,,standard
Micro-investing app for gig workers to automatically save spare change into index funds,,standard
AI symptom triage chatbot for rural clinics with limited doctor availability,,standard
Adaptive math tutoring platform for middle schoolers using spaced repetition,,standard
AI-powered inventory forecasting for independent restaurants,,standard
Route optimization SaaS for last-mile delivery fleets in Southeast Asia,,standard
AI-generated property listing descriptions and virtual staging for realtors,,standard
Automated reference-checking platform for high-volume hourly hiring,,standard
AI contract redlining assistant for small law firms,,standard
Carbon footprint tracking SaaS for mid-size manufacturing companies,,standard
Crop disease detection app for smallholder farmers using phone camera photos,,standard
Usage-based auto insurance pricing engine for ride-share drivers,,standard
AI-generated short-form video ads for local service businesses,,standard
Automated API documentation generator that stays in sync with code changes,,standard
Peer-to-peer marketplace for renting specialty tools and equipment,,standard
AI meal planning app tailored to chronic health conditions like diabetes,,standard
Automated invoice factoring platform for small business cash flow,,standard
AI-powered helpdesk ticket triage and auto-response for e-commerce brands,,standard
Corporate upskilling platform with AI-generated micro-courses from internal docs,,standard
Smart building energy optimization SaaS for commercial landlords,,standard
Subscription management and analytics dashboard for independent newsletter creators,,standard
